"","goldEarned","kills","physicalDamageDealt","minionsKilled","totalDamageTaken","towerKills","largestCriticalStrike","neutralMinionsKilled","assists","totalTimeCrowdControlDealt","magicDamageDealt","wardsPlaced","totalHeal","deaths"
"1",0.208561172499454,0.258802842383041,0.714370368117306,0.811642665106395,-0.526981504332637,0.783385977971674,0.820962178719493,-0.342008826411047,-0.329575272904249,-0.408355314381255,-0.550693140251659,-0.457388798722233,-0.302948719649843,-0.643016361478858
"2",1.64219097885978,1.42057056539414,2.03514018923592,1.48224866968711,0.679871022079525,1.25993238858497,1.83753980058465,0.174554120421006,0.327367890084419,0.0258902389774142,-0.3341694893118,-0.159536568301717,0.13210647662293,0.27457816806667
"3",-0.15143436821981,-0.112931619969153,0.0664416945923953,0.197999711844388,0.60500893807333,-0.44340828246909,0.0280312555049105,-0.368013504658447,-0.355369534103178,-0.220011681800499,-0.220675158447844,-0.303156336493765,-0.200595041375548,1.18975757582776
"4",-0.126727422172915,-0.675111939370123,-0.865823258049463,-1.00204455705498,0.0615395378570758,-0.338385995016844,-0.614835641884828,-0.615878056554128,1.3319657423957,-0.154903889208985,-0.200261076423284,1.8646425777198,0.564183125624562,-0.0209595081158764
"5",0.779282552499024,0.866871351470778,-0.62957485676111,0.78347393268695,0.0180129160842891,0.225718407174969,-0.587554147229717,-0.311054558397963,0.197156322478395,0.232063609266989,2.10995861771773,-0.0713472808762816,0.0229647506369153,-0.0249136876073796
"6",-1.10100779476348,-0.693890945926647,-0.655913274862391,-0.504482247433896,-0.889793046823907,-0.539198777327627,-0.447348308630016,-0.524650210492686,-0.718677139774713,-0.48474931137738,-0.321969483252052,-0.363359681383463,-0.43753983372259,-0.387764367974659
"7",0.761293596614695,0.28044415041666,0.392255496923227,-0.504841599318271,1.5665093448557,0.038345931782485,-0.232558881969884,1.8001205929385,0.914678779157177,1.54992217243816,0.206102888996771,0.237648851602704,1.1588936866496,0.440370780739013
"8",-0.443158613211032,-0.402868785863846,-0.100384396907647,-0.991000053775575,0.0756328135043089,-0.357883817519551,-0.358065872993425,1.70839645429111,-0.183030964612199,0.700106374115218,-0.220869305848099,-0.233682501213901,0.020716741477926,-0.315922581238162
